case_id,concept,evidence_checked,root_cause_checked,osi_layer_checked,next_command_checked,fix_steps_checked,final_status,qa_note
C001,Inter-VLAN routing,PASS,PASS,PASS,PASS,PASS,PASS,"Diagnosis reviewed against supplied symptom, topology, and show-command evidence."
C002,VLAN assignment,PASS,PASS,PASS,PASS,PASS,PASS,"Diagnosis reviewed against supplied symptom, topology, and show-command evidence."
C003,VLAN assignment,PASS,PASS,PASS,PASS,PASS,PASS,"Diagnosis reviewed against supplied symptom, topology, and show-command evidence."
C004,Trunk VLAN allowance,PASS,PASS,PASS,PASS,PASS,PASS,"Diagnosis reviewed against supplied symptom, topology, and show-command evidence."
C005,Trunk configuration,PASS,PASS,PASS,PASS,PASS,PASS,"Diagnosis reviewed against supplied symptom, topology, and show-command evidence."
C006,Default gateway mismatch,PASS,PASS,PASS,PASS,PASS,PASS,"Diagnosis reviewed against supplied symptom, topology, and show-command evidence."
C007,Missing default gateway,PASS,PASS,PASS,PASS,PASS,PASS,"Diagnosis reviewed against supplied symptom, topology, and show-command evidence."
C008,Subnet mask mismatch,PASS,PASS,PASS,PASS,PASS,PASS,"Diagnosis reviewed against supplied symptom, topology, and show-command evidence."
C009,Missing route,PASS,PASS,PASS,PASS,PASS,PASS,"Diagnosis reviewed against supplied symptom, topology, and show-command evidence."
C010,Local connectivity / ARP,PASS,PASS,PASS,PASS,PASS,PASS,"Diagnosis reviewed against supplied symptom, topology, and show-command evidence."
C011,DHCP relay,PASS,PASS,PASS,PASS,PASS,PASS,"Diagnosis reviewed against supplied symptom, topology, and show-command evidence."
C012,DHCP pool configuration,PASS,PASS,PASS,PASS,PASS,PASS,"Diagnosis reviewed against supplied symptom, topology, and show-command evidence."
C013,DHCP gateway option,PASS,PASS,PASS,PASS,PASS,PASS,"Diagnosis reviewed against supplied symptom, topology, and show-command evidence."
C014,DHCP address exhaustion,PASS,PASS,PASS,PASS,PASS,PASS,"Diagnosis reviewed against supplied symptom, topology, and show-command evidence."
C015,DHCP relay,PASS,PASS,PASS,PASS,PASS,PASS,"Diagnosis reviewed against supplied symptom, topology, and show-command evidence."
C016,DNS configuration,PASS,PASS,PASS,PASS,PASS,PASS,"Diagnosis reviewed against supplied symptom, topology, and show-command evidence."
C017,DNS forwarding,PASS,PASS,PASS,PASS,PASS,PASS,"Diagnosis reviewed against supplied symptom, topology, and show-command evidence."
C018,DNS record,PASS,PASS,PASS,PASS,PASS,PASS,"Diagnosis reviewed against supplied symptom, topology, and show-command evidence."
C019,DNS server address,PASS,PASS,PASS,PASS,PASS,PASS,"Diagnosis reviewed against supplied symptom, topology, and show-command evidence."
C020,ACL blocking DNS,PASS,PASS,PASS,PASS,PASS,PASS,"Diagnosis reviewed against supplied symptom, topology, and show-command evidence."
C021,Missing route,PASS,PASS,PASS,PASS,PASS,PASS,"Diagnosis reviewed against supplied symptom, topology, and show-command evidence."
C022,Incorrect static route,PASS,PASS,PASS,PASS,PASS,PASS,"Diagnosis reviewed against supplied symptom, topology, and show-command evidence."
C023,Interface/down path,PASS,PASS,PASS,PASS,PASS,PASS,"Diagnosis reviewed against supplied symptom, topology, and show-command evidence."
C024,OSPF adjacency,PASS,PASS,PASS,PASS,PASS,PASS,"Diagnosis reviewed against supplied symptom, topology, and show-command evidence."
C025,Dynamic routing,PASS,PASS,PASS,PASS,PASS,PASS,"Diagnosis reviewed against supplied symptom, topology, and show-command evidence."
C026,ACL policy,PASS,PASS,PASS,PASS,PASS,PASS,"Diagnosis reviewed against supplied symptom, topology, and show-command evidence."
C027,ACL service restriction,PASS,PASS,PASS,PASS,PASS,PASS,"Diagnosis reviewed against supplied symptom, topology, and show-command evidence."
C028,ACL ordering/policy,PASS,PASS,PASS,PASS,PASS,PASS,"Diagnosis reviewed against supplied symptom, topology, and show-command evidence."
C029,ACL implicit deny,PASS,PASS,PASS,PASS,PASS,PASS,"Diagnosis reviewed against supplied symptom, topology, and show-command evidence."
C030,ACL SSH restriction,PASS,PASS,PASS,PASS,PASS,PASS,"Diagnosis reviewed against supplied symptom, topology, and show-command evidence."
C031,Missing NAT,PASS,PASS,PASS,PASS,PASS,PASS,"Diagnosis reviewed against supplied symptom, topology, and show-command evidence."
C032,NAT interface role,PASS,PASS,PASS,PASS,PASS,PASS,"Diagnosis reviewed against supplied symptom, topology, and show-command evidence."
C033,NAT + default route,PASS,PASS,PASS,PASS,PASS,PASS,"Diagnosis reviewed against supplied symptom, topology, and show-command evidence."
C034,NAT ACL scope,PASS,PASS,PASS,PASS,PASS,PASS,"Diagnosis reviewed against supplied symptom, topology, and show-command evidence."
C035,Static NAT,PASS,PASS,PASS,PASS,PASS,PASS,"Diagnosis reviewed against supplied symptom, topology, and show-command evidence."
C036,Wireless VLAN/DHCP,PASS,PASS,PASS,PASS,PASS,PASS,"Diagnosis reviewed against supplied symptom, topology, and show-command evidence."
C037,Guest isolation,PASS,PASS,PASS,PASS,PASS,PASS,"Diagnosis reviewed against supplied symptom, topology, and show-command evidence."
C038,Wireless stability,PASS,PASS,PASS,PASS,PASS,PASS,"Diagnosis reviewed against supplied symptom, topology, and show-command evidence."
C039,Wireless authentication connectivity,PASS,PASS,PASS,PASS,PASS,PASS,"Diagnosis reviewed against supplied symptom, topology, and show-command evidence."
C040,Guest isolation,PASS,PASS,PASS,PASS,PASS,PASS,"Diagnosis reviewed against supplied symptom, topology, and show-command evidence."
